{"stat.useItem.minecraft.command_block":33,"stat.walkOneCm":44287,"stat.useItem.minecraft.ice":5,"achievement.openInventory":30,"stat.useItem.minecraft.stone":107,"stat.useItem.minecraft.snowball":11,"stat.useItem.minecraft.barrier":48,"stat.leaveGame":1,"stat.useItem.minecraft.log":4,"stat.useItem.minecraft.wooden_button":2,"stat.flyOneCm":395781,"stat.drop":24,"stat.jump":139,"stat.useItem.minecraft.snow":12,"stat.playOneMinute":37499,"stat.climbOneCm":90,"stat.fallOneCm":30318,"stat.useItem.minecraft.ladder":1,"stat.crouchOneCm":4648,"stat.useItem.minecraft.snow_layer":2,"stat.timeSinceDeath":37499,"stat.useItem.minecraft.stained_hardened_clay":247,"stat.useItem.minecraft.dirt":5,"stat.useItem.minecraft.stone_button":1,"stat.sprintOneCm":13509,"achievement.exploreAllBiomes":{"value":0,"progress":["Forest","Plains"]}}