{"stat.useItem.minecraft.brick_stairs":23,"stat.useItem.minecraft.bow":460,"stat.useItem.minecraft.lapis_block":85,"stat.useItem.minecraft.quartz_block":771,"stat.useItem.minecraft.repeater":492,"stat.leaveGame":872,"stat.useItem.minecraft.log2":5,"stat.useItem.minecraft.skull":1,"stat.useItem.minecraft.glowstone":38,"stat.swimOneCm":692,"stat.useItem.minecraft.snow":875,"stat.climbOneCm":4290,"stat.useItem.minecraft.planks":172,"stat.useItem.minecraft.nether_brick_stairs":6,"stat.enderchestOpened":137,"stat.useItem.minecraft.redstone_torch":41,"stat.useItem.minecraft.obsidian":187,"stat.useItem.minecraft.dirt":328,"achievement.exploreAllBiomes":{"value":0,"progress":["ForestHills","Birch Forest","Roofed Forest","Plains","Beach","Jungle","Ice Plains","River","Forest","Ocean","Taiga","Swampland","Deep Ocean"]},"stat.mineBlock.minecraft.stone_brick_stairs":1,"stat.useItem.minecraft.sandstone_stairs":2,"stat.useItem.minecraft.vine":23,"stat.useItem.minecraft.iron_ore":13,"stat.useItem.minecraft.spruce_fence_gate":2,"stat.useItem.minecraft.anvil":38,"stat.useItem.minecraft.brick_block":13,"stat.flyOneCm":84786218,"stat.timeSinceDeath":3446035,"stat.useItem.minecraft.sign":1612,"stat.useItem.minecraft.spawn_egg":2,"stat.useItem.minecraft.wooden_slab":149,"stat.useItem.minecraft.noteblock":7,"stat.trappedChestTriggered":43,"stat.useItem.minecraft.lever":5,"stat.useItem.minecraft.dark_oak_stairs":8,"stat.useItem.minecraft.armor_stand":207,"stat.useItem.minecraft.end_stone":2,"stat.useItem.minecraft.double_plant":4,"stat.useItem.minecraft.redstone":321,"stat.useItem.minecraft.milk_bucket":6,"stat.useItem.minecraft.sea_lantern":10,"stat.useItem.minecraft.red_sandstone":48,"stat.useItem.minecraft.spruce_fence":16,"stat.mineBlock.minecraft.stained_hardened_clay":9546,"stat.sprintOneCm":8407827,"stat.useItem.minecraft.stained_glass":44,"stat.useItem.minecraft.diamond_block":111,"stat.useItem.minecraft.hay_block":1,"stat.useItem.minecraft.fence":1,"stat.useItem.minecraft.stone_stairs":33,"stat.useItem.minecraft.stone_slab":894,"stat.useItem.minecraft.ice":58,"stat.useItem.minecraft.bed":3,"achievement.openInventory":8697,"stat.useItem.minecraft.snowball":20939,"stat.useItem.minecraft.cauldron":1,"stat.useItem.minecraft.flint_and_steel":13,"stat.useItem.minecraft.wooden_button":15,"stat.useItem.minecraft.stone_pressure_plate":59,"stat.useItem.minecraft.diamond_pickaxe":9547,"stat.useItem.minecraft.hopper":3,"stat.deaths":17,"stat.drop":5003,"stat.playOneMinute":18863894,"stat.useItem.minecraft.cake":1,"stat.killEntity.Sheep":1,"stat.useItem.minecraft.nether_brick":92,"stat.useItem.minecraft.ladder":15,"stat.diveOneCm":143,"stat.chestOpened":260,"stat.useItem.minecraft.lapis_ore":5,"stat.useItem.minecraft.stone":3588,"stat.useItem.minecraft.quartz_stairs":27,"stat.useItem.minecraft.sponge":2,"stat.useItem.minecraft.ender_chest":117,"stat.useItem.minecraft.carpet":4,"stat.useItem.minecraft.clay":71,"stat.useItem.minecraft.stained_glass_pane":20,"stat.useItem.minecraft.packed_ice":221,"stat.useItem.minecraft.flower_pot":2,"stat.useItem.minecraft.bedrock":401,"stat.jump":61915,"stat.useItem.minecraft.sand":28,"stat.fallOneCm":22339636,"stat.useItem.minecraft.trapped_chest":4,"stat.useItem.minecraft.piston":36,"stat.crouchOneCm":2549880,"stat.useItem.minecraft.mycelium":1,"stat.useItem.minecraft.nether_brick_fence":47,"stat.useItem.minecraft.stone_button":241,"stat.craftingTableInteraction":1,"stat.useItem.minecraft.emerald_ore":5,"stat.useItem.minecraft.glass":204,"stat.useItem.minecraft.dispenser":10,"stat.useItem.minecraft.redstone_lamp":54,"stat.damageTaken":3180,"stat.useItem.minecraft.dark_oak_fence":1,"stat.useItem.minecraft.stone_brick_stairs":27,"stat.useItem.minecraft.gold_block":40,"stat.dispenserInspected":1,"stat.noteblockTuned":61,"stat.useItem.minecraft.slime":1,"stat.useItem.minecraft.end_portal_frame":21,"stat.mineBlock.minecraft.glass":1,"stat.useItem.minecraft.enchanting_table":17,"stat.damageDealt":105,"stat.useItem.minecraft.wool":2825,"stat.useItem.minecraft.snow_layer":170,"stat.useItem.minecraft.crafting_table":1,"stat.useItem.minecraft.iron_bars":65,"stat.flowerPotted":6,"stat.useItem.minecraft.command_block":4442,"stat.walkOneCm":31939364,"stat.useItem.minecraft.torch":3,"stat.useItem.minecraft.chest":31,"stat.useItem.minecraft.pumpkin":1,"stat.useItem.minecraft.log":87,"stat.useItem.minecraft.comparator":271,"stat.useItem.minecraft.cobblestone":205,"stat.useItem.minecraft.tnt":3,"stat.useItem.minecraft.emerald_block":43,"stat.useItem.minecraft.gold_ore":1,"stat.useItem.minecraft.redstone_block":3731,"stat.useItem.minecraft.item_frame":50,"stat.useItem.minecraft.spruce_stairs":5,"stat.useItem.minecraft.stained_hardened_clay":471615,"stat.useItem.minecraft.leaves":63,"stat.useItem.minecraft.tallgrass":26,"stat.useItem.minecraft.redstone_ore":184,"stat.useItem.minecraft.glass_pane":8,"stat.useItem.minecraft.netherrack":11,"stat.useItem.minecraft.prismarine":72,"stat.useItem.minecraft.iron_sword":1,"stat.useItem.minecraft.barrier":2915,"stat.useItem.minecraft.iron_block":229,"stat.mobKills":1,"stat.useItem.minecraft.stonebrick":452,"stat.useItem.minecraft.golden_apple":1,"stat.useItem.minecraft.mossy_cobblestone":45,"stat.useItem.minecraft.monster_egg":8,"stat.useItem.minecraft.cobblestone_wall":31,"stat.useItem.minecraft.sandstone":325}