{"stat.chestOpened":6,"stat.useItem.minecraft.bow":88,"stat.useItem.minecraft.lapis_block":7,"stat.useItem.minecraft.quartz_block":1,"stat.useItem.minecraft.stone":53,"stat.useItem.minecraft.repeater":17,"stat.leaveGame":72,"stat.useItem.minecraft.ender_chest":18,"stat.useItem.minecraft.skull":3,"stat.useItem.minecraft.clay":24,"stat.useItem.minecraft.bedrock":34,"stat.jump":3415,"stat.useItem.minecraft.sand":2,"stat.useItem.minecraft.snow":162,"stat.fallOneCm":1163093,"stat.crouchOneCm":209142,"stat.enderchestOpened":18,"stat.useItem.minecraft.redstone_torch":39,"stat.useItem.minecraft.dirt":19,"stat.useItem.minecraft.stone_button":4,"achievement.exploreAllBiomes":{"value":0,"progress":["Birch Forest","Jungle","Ice Plains","Forest","Ocean","Plains","Taiga","Deep Ocean"]},"stat.useItem.minecraft.glass":55,"stat.useItem.minecraft.stone_brick_stairs":2,"stat.useItem.minecraft.anvil":2,"stat.flyOneCm":5506763,"stat.useItem.minecraft.wool":247,"stat.timeSinceDeath":1201597,"stat.hopperInspected":1,"stat.useItem.minecraft.sign":11,"stat.useItem.minecraft.wooden_slab":41,"stat.useItem.minecraft.iron_bars":4,"stat.useItem.minecraft.command_block":273,"stat.walkOneCm":1525029,"stat.useItem.minecraft.chest":1,"stat.useItem.minecraft.log":3,"stat.useItem.minecraft.comparator":32,"stat.useItem.minecraft.emerald_block":3,"stat.useItem.minecraft.armor_stand":18,"stat.useItem.minecraft.end_stone":1,"stat.useItem.minecraft.redstone_block":280,"stat.useItem.minecraft.redstone":6,"stat.useItem.minecraft.stained_hardened_clay":24117,"stat.mineBlock.minecraft.stained_hardened_clay":429,"stat.sprintOneCm":515816,"stat.useItem.minecraft.stained_glass":7,"stat.useItem.minecraft.diamond_block":6,"stat.useItem.minecraft.tallgrass":1,"stat.useItem.minecraft.fence":4,"stat.useItem.minecraft.stone_slab":1,"achievement.openInventory":459,"stat.mineBlock.minecraft.stonebrick":1,"stat.useItem.minecraft.snowball":618,"stat.useItem.minecraft.barrier":49,"stat.useItem.minecraft.flint_and_steel":2,"stat.useItem.minecraft.iron_block":6,"stat.useItem.minecraft.diamond_pickaxe":430,"stat.useItem.minecraft.stonebrick":23,"stat.drop":643,"stat.playOneMinute":1201597,"stat.useItem.minecraft.banner":1,"stat.useItem.minecraft.sandstone":13}