{"stat.chestOpened":16,"stat.useItem.minecraft.bow":13,"stat.useItem.minecraft.lapis_block":11,"stat.useItem.minecraft.stone":45,"stat.leaveGame":44,"stat.useItem.minecraft.soul_sand":1,"stat.useItem.minecraft.carpet":11,"stat.jump":2257,"stat.fallOneCm":490885,"stat.useItem.minecraft.planks":19,"stat.crouchOneCm":161364,"stat.useItem.minecraft.dirt":27,"stat.useItem.minecraft.stone_button":4,"achievement.exploreAllBiomes":{"value":0,"progress":["Beach","Forest","Ocean","River","Plains","Deep Ocean"]},"stat.damageTaken":200,"stat.flyOneCm":5453550,"stat.useItem.minecraft.wool":314,"stat.timeSinceDeath":146473,"stat.useItem.minecraft.sign":79,"stat.useItem.minecraft.wooden_slab":5,"stat.useItem.minecraft.command_block":214,"stat.walkOneCm":1377464,"stat.useItem.minecraft.chest":1,"stat.useItem.minecraft.log":18,"stat.useItem.minecraft.emerald_block":51,"stat.useItem.minecraft.redstone_block":68,"stat.useItem.minecraft.sea_lantern":23,"stat.useItem.minecraft.stained_hardened_clay":15104,"stat.mineBlock.minecraft.stained_hardened_clay":532,"stat.sprintOneCm":303674,"stat.useItem.minecraft.diamond_block":1,"stat.useItem.minecraft.prismarine":22,"stat.useItem.minecraft.stone_slab":3,"achievement.openInventory":535,"stat.useItem.minecraft.snowball":753,"stat.useItem.minecraft.barrier":2,"stat.useItem.minecraft.iron_block":116,"stat.useItem.minecraft.brown_mushroom_block":12,"stat.useItem.minecraft.diamond_pickaxe":532,"stat.useItem.minecraft.stonebrick":6,"stat.deaths":1,"stat.useItem.minecraft.cobblestone_wall":1,"stat.drop":35,"stat.playOneMinute":803439,"stat.useItem.minecraft.nether_brick":63}