{"stat.useItem.minecraft.lapis_block":4,"stat.useItem.minecraft.quartz_block":5,"stat.useItem.minecraft.stone":32,"stat.useItem.minecraft.quartz_stairs":2,"stat.useItem.minecraft.repeater":6,"stat.leaveGame":11,"stat.useItem.minecraft.ender_chest":4,"stat.useItem.minecraft.bedrock":16,"stat.jump":269,"stat.useItem.minecraft.snow":18,"stat.fallOneCm":45389,"stat.crouchOneCm":14248,"stat.useItem.minecraft.coal_block":6,"stat.enderchestOpened":5,"stat.useItem.minecraft.stone_button":4,"stat.useItem.minecraft.dirt":60,"achievement.exploreAllBiomes":{"value":0,"progress":["Jungle","Forest","Ocean","Plains"]},"stat.useItem.minecraft.glass":1,"stat.flyOneCm":1842686,"stat.useItem.minecraft.wool":38,"stat.timeSinceDeath":150284,"stat.hopperInspected":2,"stat.useItem.minecraft.sign":12,"stat.useItem.minecraft.command_block":90,"stat.walkOneCm":134049,"stat.useItem.minecraft.log":1,"stat.useItem.minecraft.emerald_block":1,"stat.useItem.minecraft.armor_stand":7,"stat.useItem.minecraft.redstone_block":8,"stat.useItem.minecraft.redstone":1,"stat.useItem.minecraft.stained_hardened_clay":1270,"stat.mineBlock.minecraft.stained_hardened_clay":39,"stat.sprintOneCm":44977,"stat.useItem.minecraft.diamond_block":14,"stat.useItem.minecraft.tallgrass":2,"stat.useItem.minecraft.stone_slab":2,"achievement.openInventory":124,"stat.useItem.minecraft.barrier":44,"stat.useItem.minecraft.snowball":33,"stat.useItem.minecraft.flint_and_steel":2,"stat.useItem.minecraft.iron_block":1,"stat.useItem.minecraft.stone_pressure_plate":3,"stat.useItem.minecraft.diamond_pickaxe":39,"stat.useItem.minecraft.stonebrick":38,"stat.drop":220,"stat.playOneMinute":150284}